{"stats":{"minecraft:killed":{"minecraft:iron_golem":1,"minecraft:villager":1},"minecraft:custom":{"minecraft:time_since_rest":52262,"minecraft:sprint_one_cm":10002,"minecraft:walk_one_cm":59723,"minecraft:mob_kills":2,"minecraft:interact_with_anvil":1,"minecraft:inspect_hopper":3,"minecraft:damage_dealt":225,"minecraft:fly_one_cm":145042,"minecraft:open_chest":4,"minecraft:crouch_one_cm":9387,"minecraft:play_time":52262,"minecraft:sneak_time":2858,"minecraft:walk_under_water_one_cm":74,"minecraft:jump":234,"minecraft:leave_game":2,"minecraft:walk_on_water_one_cm":1227,"minecraft:time_since_death":52262,"minecraft:total_world_time":52262,"minecraft:fall_one_cm":209},"minecraft:mined":{"minecraft:oak_leaves":2},"minecraft:picked_up":{"minecraft:oak_log":7,"minecraft:dirt":112,"minecraft:bone":2,"minecraft:arrow":4,"minecraft:granite":4,"minecraft:oak_sapling":2,"minecraft:cobblestone":120},"minecraft:used":{"minecraft:oak_trapdoor":3,"minecraft:water_bucket":20,"minecraft:damaged_anvil":1,"minecraft:lava_bucket":5,"minecraft:cobblestone_stairs":6,"minecraft:villager_spawn_egg":4,"minecraft:mace":1,"minecraft:flint_and_steel":2,"minecraft:grass_block":3,"minecraft:iron_golem_spawn_egg":18,"minecraft:chest":77,"minecraft:zombie_spawn_egg":1,"minecraft:cherry_fence_gate":54,"minecraft:cobblestone_slab":3,"minecraft:oak_leaves":4,"minecraft:pink_bed":3,"minecraft:dirt":1,"minecraft:cobblestone":653,"minecraft:end_crystal":2,"minecraft:tnt":40,"minecraft:hopper":36,"minecraft:cobblestone_wall":53,"minecraft:glass_pane":2,"minecraft:obsidian":1}},"DataVersion":3953}